Weight,Treatment group
48.27551706550327,Control
52.28036599891782,Control
58.19707618814921,Control
44.98613432070314,Control
50.694797880273704,Control
43.336920867116746,TX
61.104221133817276,TX
39.50642118903163,TX
45.41844203776144,TX
43.48112382922698,TX
85.3246112834479,TX2
97.10683296606905,TX2
94.20366542390617,TX2
93.28317729887576,TX2
108.79829231605056,TX2
